{
  "student": [
    {
      "username": "teonv",
      "password": "thien123",
      "fullname": "Nguyễn Văn Tèoo",
      "email": "teonv@fpt.edu.vn",
      "gender": "nam",
      "birthday": "1995-12-21",
      "schoolfee": "1500000",
      "id": "teo"
    },
    {
      "username": "pheonv",
      "password": "iloveyou",
      "fullname": "Nguyễn Văn Chí Phèo",
      "email": "pheonv@fpt.edu.vn",
      "gender": "nam",
      "birthday": "1985-10-11",
      "schoolfee": "2500000",
      "id": "pheo"
    },
    {
      "username": "nopt",
      "password": "iloveyou",
      "fullname": "Phạm Thị Nở",
      "email": "nopt@fpt.edu.vn",
      "gender": "nu",
      "birthday": "1993-05-15",
      "schoolfee": "2000000",
      "id": "no"
    },
    {
      "username": "TP1MDZSV",
      "password": "thien123",
      "fullname": "hadasd",
      "email": "hnthien123@gmail.com",
      "gender": "nam",
      "birthday": "2020-08-27T17:00:00.000Z",
      "schoolfee": 66666,
      "id": "ssmDBx3"
    },
    {
      "username": "thien123",
      "password": "thien123",
      "fullname": "huỳnh ngọc thiện",
      "email": "hnthien123@gmail.com",
      "gender": "nam",
      "birthday": "2020-08-20T17:00:00.000Z",
      "schoolfee": 44444,
      "id": "DLfLwD-"
    },
    {
      "username": "hnthien123@gmail.com",
      "password": "thien123",
      "fullname": "thien12345",
      "email": "hnthien123@gmail.com",
      "gender": "nam",
      "birthday": "2020-08-19T17:00:00.000Z",
      "schoolfee": 333333333333,
      "id": "LFjIvI3"
    },
    {
      "username": "TP1MDZSV",
      "password": "thien123",
      "fullname": "hadasd",
      "email": "hnthien1234@gmail.com",
      "gender": "nam",
      "birthday": "2020-08-20T17:00:00.000Z",
      "schoolfee": 8,
      "id": "vpAPwQS"
    },
    {
      "username": "TP1MDZSV",
      "password": "thien123",
      "fullname": "hadasd",
      "email": "hnthien123@gmail.com",
      "birthday": null,
      "id": "V8cS_jj"
    },
    {
      "username": "thien12367",
      "password": "thien123",
      "fullname": "hadasd",
      "email": "hnthien123@gmail.com",
      "gender": "nam",
      "id": "NbBLRKS"
    },
    {
      "username": "tai",
      "password": "tai12345",
      "fullname": "nguyễn tài",
      "email": "tai123@gmail.com",
      "gender": "nam",
      "birthday": "2000-08-23T17:00:00.000Z",
      "schoolfee": 5555555,
      "id": "ip-7ubm"
    },
    {
      "username": "thien12345",
      "password": "thien123",
      "fullname": "Nguyễn Văn Tèo",
      "email": "teonvv@fpt.edu.vn",
      "gender": "nam",
      "birthday": "2000-08-23T17:00:00.000Z",
      "schoolfee": 1500000,
      "id": "xCLVpyz"
    },
    {
      "username": "TP1M8ZSB",
      "password": "thien123",
      "fullname": "hadasd",
      "email": "babystudio.hn@gmail.com",
      "gender": "nam",
      "birthday": "2000-02-03T17:00:00.000Z",
      "schoolfee": 3333,
      "id": "xGOp9AC"
    },
    {
      "username": "thiendeptrai",
      "password": "thien1234",
      "fullname": "huỳnhngocj thien",
      "email": "babystudio.hn@gmail.com",
      "gender": "nam",
      "birthday": "24/08/2000",
      "schoolfee": "145555555",
      "id": "SjWETPr"
    }
  ]
}